{
	"index": ["observed", "model"], 
	"columnTypes": ["Number", "Number", "Number", "Number", "Number", "Number", "Number", "Number", "Number", "Number"], 
	"data": [[-0.0721442886, -0.0704225352, -0.0698151951, 0.0657370518, 0.0781893004, 0.0751565762, 0.0620155039, 0.0611439842, 0.0711382114, 0.0486815416], [-0.0093283376, -0.0144987759, -0.0190691553, 0.0242218391, 0.0303475413, 0.0388245639, 0.0510773814, 0.0704454675, 0.1110769866, 0.308874326]], 
	"columns": [0, 1, 2, 3, 4, 5, 6, 7, 8, 9]
}